,1,2,3,4,5
000_aug,5,4,3,8,5
000_cucicb,0,1,47,1,0
000_descubiert,0,12,13,2,8
000bauler_u,3,29,0,0,0
000m2_terren,0,6,36,0,0
000subsuel_cubiert,0,0,37,0,0
00_m2,2,2,17,3,2
00_x,7,4,5,5,4
100_cuot,9,1,0,13,2
100_metr,8,1,11,6,8
100_pes,25,12,1,1,10
100_public,13,9,4,14,17
10_pis,9,42,29,1,15
10_x,11,3,3,11,6
1100_public,8,3,6,4,7
1200_public,12,8,1,8,6
12_pis,16,54,41,5,20
1300_public,6,4,6,6,17
13_mil,0,2,16,0,9
1400_public,12,2,2,5,10
14_pis,12,8,3,3,2
1500_public,2,5,6,6,6
15_4,3,35,36,0,0
1600_public,9,5,7,10,11
1700_public,7,3,6,5,4
18_cuot,10,5,1,1,12
1900_public,2,5,5,2,13
1_2,98,89,139,122,79
1_amb,18,14,10,42,27
1_ambient,102,117,90,63,155
1_baã,49,27,24,28,35
1_cuadr,62,67,32,50,88
1_dormitori,42,64,182,18,26
1_pis,13,13,3,7,15
1_suit,11,7,18,17,10
1_toilett,11,6,5,6,6
1er_pis,31,8,11,31,10
1â_pis,17,3,2,6,4
1âº_pis,28,11,7,23,10
2016_cocher,2,18,10,0,0
2016_efeg,5,4,0,17,4
2016_moment,3,33,36,0,0
2016_obra,19,7,3,0,0
20_x,13,9,6,11,5
21_pis,0,0,34,0,1
2300_public,6,3,8,4,9
23_000subsuel,0,0,37,0,0
2400_public,3,4,2,10,7
24_cuot,29,16,15,22,12
24_hor,0,5,12,3,10
24_hs,8,14,62,12,31
24_pis,3,9,39,0,1
25_000,1,9,28,6,6
25_000bauler,3,29,0,0,0
26_mts,0,0,29,1,0
2700_public,7,2,4,8,8
28_000,0,4,15,2,5
2_1,12,10,3,4,1
2_2,9,7,1,8,1
2_3,64,98,160,79,60
2_625,3,23,0,0,0
2_amb,117,77,49,70,63
2_ambient,436,378,328,334,476
2_ampli,12,7,7,16,16
2_ascensor,14,9,17,21,20
2_aut,11,1,5,15,7
2_aã,8,3,7,4,6
2_balcon,7,12,9,12,17
2_baã,78,36,55,57,62
2_cocher,5,12,22,15,31
2_cuadr,79,56,56,64,58
2_departament,5,7,13,4,2
2_dorm,4,4,2,8,6
2_dormitori,178,88,191,127,104
2_habit,12,4,3,13,1
2_pati,20,2,9,12,5
2_pis,19,8,3,11,11
2_plant,64,11,15,63,12
2_suit,0,2,14,6,5
2_unidad,7,3,1,10,7
2_x,9,12,5,4,8
2do_dormitori,6,3,4,10,8
2do_pis,16,13,10,10,4
2âº_pis,16,2,2,7,2
300_metr,7,3,11,12,11
300_public,13,4,3,9,23
30_000,1,3,30,1,2
30_aã,1,3,18,2,11
30_bolet,2,7,5,8,6
30_cuot,12,29,2,0,0
30_m2,5,7,6,1,11
35_anticip,3,29,0,0,0
35_m2,12,6,4,5,3
36_m2,10,4,0,6,8
382m2_desarroll,0,22,11,0,0
3_00,5,3,6,2,3
3_20,11,11,8,7,5
3_4,23,70,147,63,32
3_5,11,2,2,17,4
3_50,17,3,5,15,9
3_amb,86,48,47,69,59
3_ambient,538,266,255,446,425
3_ampli,11,3,8,11,8
3_aã,6,4,7,5,10
3_baã,20,13,16,23,13
3_cuadr,31,47,29,34,44
3_dorm,4,4,7,4,6
3_dormitori,123,72,144,136,94
3_habit,9,3,5,5,4
3_local,3,15,2,9,11
3_pis,16,9,7,7,9
3_plant,41,7,7,28,17
3_unidad,6,2,10,5,3
3_x,25,8,5,29,17
3er_pis,7,5,9,5,3
3âº_pis,9,4,4,5,6
400_public,6,5,6,5,7
40_anticip,3,37,46,0,0
40_bolet,24,2,0,19,6
40_m2,12,10,5,3,5
40_sald,1,0,39,0,0
42m_x,0,6,36,0,0
4330contact_eduard,7,12,6,0,1
45_30,3,23,30,0,0
45_m2,6,6,4,9,2
4824contact_gustav,9,9,9,0,1
4824contact_pabl,21,19,3,0,0
48_cuot,25,7,0,25,5
4_000m2,0,6,36,0,0
4_5,9,3,3,6,2
4_50,2,2,2,12,3
4_amb,35,20,18,35,29
4_ambient,296,180,254,291,206
4_aã,8,4,12,7,7
4_cuadr,32,27,22,12,35
4_dormitori,31,14,30,35,23
4_pis,19,9,8,6,10
4_refuerz,4,35,38,1,0
4_unidad,5,5,0,12,4
4_x,19,13,6,23,14
50_bolet,0,6,16,0,15
50_m2,21,7,10,8,8
50_mts,11,4,1,9,5
50_x,25,12,7,23,13
5_50,6,6,0,7,6
5_ambient,83,25,35,90,36
5_aã,12,7,7,8,8
5_cuadr,33,9,12,55,17
5_pis,11,5,2,6,8
5_x,20,8,7,23,11
5to_pis,7,6,4,3,8
600_public,7,6,4,7,6
6025_public,7,0,1,0,19
60_m2,5,8,2,10,10
612_incorpor,4,13,0,1,20
625_cucicb,3,23,0,0,0
66_x,19,3,8,48,9
6_ambient,20,5,4,28,6
6_cuadr,7,7,8,10,9
6_pis,4,15,17,12,6
6_x,7,7,4,23,7
700_public,10,4,5,8,3
70_m2,12,7,5,2,4
75_m2,14,8,0,5,7
75m_fond,0,6,36,0,0
7_aã,8,4,5,9,3
7_pis,10,10,5,11,5
7_x,14,4,11,6,5
80_m2,11,5,4,5,2
80_x,3,2,4,10,6
869contact_carl,7,19,8,0,0
869contact_fabian,29,14,12,0,1
869contact_jorg,11,9,5,0,0
8_66,19,4,12,56,9
8_aã,19,5,5,18,7
8_pis,15,20,7,7,16
8_x,16,1,3,5,8
900_public,3,6,4,13,1
90_m2,3,6,4,6,6
96_cuot,36,6,10,38,7
9_juli,16,10,7,12,8
9_pis,10,5,11,8,17
abiert_cocin,6,8,4,7,6
abiert_lumin,3,13,13,9,16
abril_2016,4,23,6,0,2
acces_transport,0,1,27,1,1
accesibil_lin,7,1,2,9,7
acept_cedin,8,2,6,4,7
acer_inoxid,7,7,9,4,24
acondicion_fri,20,12,15,5,13
acost_cucicb,31,24,29,3,1
actualiz_indic,3,33,36,0,0
adem_exce,2,8,0,0,15
ado_ameniti,0,0,29,1,0
ado_integr,0,2,16,0,9
adri_sanfilipp,7,0,1,1,20
adrian_espin,11,1,6,17,4
agu_calient,27,38,26,23,48
aguirr_471contact,15,12,10,0,0
air_acondicion,89,59,62,36,78
air_buen,1,2,38,1,0
air_capital,56,244,651,77,11
air_fri,7,4,5,5,4
air_luz,10,22,5,4,16
aisenson_desarroll,0,2,16,0,9
ajust_c,11,7,2,20,7
ajust_cac,18,49,73,10,8
ajust_p,19,16,4,2,17
alacen_baj,5,6,10,6,9
alarcon_cucicb,46,16,5,4,1
albert_ter,14,5,9,0,0
alejandr_bott,12,7,22,13,1
alici_roj,5,2,4,6,8
almagr_anticip,18,0,0,49,0
almagr_departament,4,5,0,10,6
almagr_excelent,11,6,0,13,11
almagr_tres,18,0,0,49,0
almir_brown,12,2,2,13,0
alpha_emprend,6,1,0,25,0
alquil_temporari,4,5,6,2,11
alta_calid,3,11,6,5,3
alta_veloc,0,0,6,16,3
alto_lumin,5,11,3,5,10
alto_palerm,3,16,23,2,19
alto_vist,4,4,10,3,13
altos_baj,13,3,4,3,5
alumini_anodiz,3,10,3,4,7
alvarez_thom,4,9,4,4,8
amb_balcon,7,7,6,9,6
amb_c,5,11,7,7,8
amb_contrafrent,6,9,5,2,3
amb_dependent,9,6,7,7,9
amb_estren,11,11,8,5,15
amb_frent,28,18,7,15,15
amb_pati,12,2,1,10,0
ambient_1,8,8,8,8,15
ambient_2,34,18,16,21,22
ambient_3,13,13,10,10,8
ambient_almagr,35,17,4,71,30
ambient_ameniti,1,38,37,1,0
ambient_ampli,82,33,42,57,59
ambient_apto,25,19,14,17,18
ambient_balcon,79,54,46,30,73
ambient_balcã,8,18,7,15,15
ambient_barrac,8,2,1,23,4
ambient_barri,12,4,11,11,26
ambient_baã,19,15,3,16,11
ambient_belgran,4,15,18,3,30
ambient_buen,19,9,11,13,12
ambient_c,17,7,14,15,13
ambient_caballit,10,11,11,30,38
ambient_call,13,8,3,3,1
ambient_categori,4,14,37,6,9
ambient_cocher,25,37,53,15,54
ambient_cocin,23,11,28,15,18
ambient_contrafrent,52,34,23,67,55
ambient_cuent,10,5,2,2,8
ambient_dependent,104,53,56,98,88
ambient_diseã,0,0,31,1,0
ambient_divis,18,18,26,19,34
ambient_dos,13,7,7,11,9
ambient_duplex,13,6,8,9,10
ambient_edifici,11,22,19,5,17
ambient_escritori,9,2,2,10,4
ambient_estren,29,57,46,19,113
ambient_excelent,26,24,17,8,24
ambient_extern,13,6,7,2,7
ambient_flor,17,9,1,22,10
ambient_frent,129,89,67,90,120
ambient_gran,7,6,10,2,6
ambient_intern,8,3,2,8,4
ambient_lateral,10,8,1,18,9
ambient_living,17,22,6,18,17
ambient_lumin,50,29,34,18,25
ambient_mas,24,6,11,26,10
ambient_matader,7,3,0,18,8
ambient_medi,15,21,14,13,8
ambient_nuev,17,6,3,0,2
ambient_nuã,7,4,5,2,18
ambient_once,9,0,0,14,3
ambient_palerm,12,18,36,4,39
ambient_pati,36,14,4,48,12
ambient_pb,10,4,2,10,1
ambient_pis,23,28,28,16,29
ambient_plant,30,1,6,25,6
ambient_poz,5,13,1,0,19
ambient_prim,17,1,5,8,3
ambient_recicl,14,5,7,5,4
ambient_saavedr,11,14,1,12,14
ambient_sal,1,14,8,0,10
ambient_san,9,3,12,14,17
ambient_segund,5,5,4,11,1
ambient_sup,13,7,9,2,3
ambient_terraz,22,6,4,33,6
ambient_torr,3,3,9,3,8
ambient_ubic,28,20,52,11,19
ambient_vent,51,35,20,48,64
ambient_vill,42,42,13,44,51
ambient_vist,4,3,16,2,10
ameniti_pilet,6,3,11,18,12
ameniti_piscin,2,13,18,2,9
ameniti_premium,1,42,37,4,6
ameniti_sum,8,12,6,6,19
ampli_2,9,0,13,6,5
ampli_3,7,4,6,10,8
ampli_ambient,36,36,30,36,38
ampli_balcon,30,38,27,19,70
ampli_baã,4,4,8,7,18
ampli_cocin,66,33,41,55,46
ampli_comedor,9,1,5,10,6
ampli_comod,20,9,1,7,4
ampli_departament,24,8,16,21,17
ampli_dimension,9,6,2,7,2
ampli_dormitori,48,29,21,51,47
ampli_hall,17,10,9,12,18
ampli_lavader,11,1,4,2,7
ampli_living,128,77,108,115,123
ampli_livingcomedor,13,10,7,21,13
ampli_lumin,64,48,21,36,34
ampli_monoambient,6,20,16,2,22
ampli_pati,15,4,4,19,4
ampli_pis,8,0,5,10,3
ampli_placar,15,4,7,9,14
ampli_placard,15,10,9,9,14
ampli_terraz,11,7,2,8,2
ampli_ventanal,7,4,6,7,11
anaf_elã,6,6,9,2,2
anaf_horn,7,7,29,5,18
anticip_15,3,33,36,0,0
anticip_30,3,30,1,0,0
anticip_40,9,3,40,0,3
anticip_50,2,0,25,14,1
anticip_cuot,28,3,5,69,6
aproxim_sujet,6,7,2,19,10
apto_credit,34,19,10,15,20
apto_crã,22,13,9,21,11
apto_profesional,175,216,188,116,217
apto_profesionaldepartamentosform,3,33,36,0,0
apto_profesionalentreg,1,0,47,3,0
apto_profesionalexcelent,0,8,22,0,0
apto_profesionalform,3,37,76,0,0
apto_profesionalgr,0,38,38,0,0
apto_profesionall,1,6,34,0,0
apto_profesionalmy,0,0,48,1,0
apto_profesionalproyect,0,22,9,0,0
apto_viviend,3,5,4,2,15
argentin_buen,56,244,650,77,11
ariel_champani,186,106,108,29,12
arnal_ponti,13,8,10,8,1
arupac_mas,0,2,16,0,9
ascensor_alta,0,0,6,16,3
ascensor_automat,4,7,15,2,21
aufseh_cucicb,55,37,20,2,1
aug_propiedad,5,4,4,8,6
av_9,7,6,4,3,5
av_beir,4,1,10,3,8
av_belgran,12,4,2,9,9
av_boed,24,1,1,53,2
av_cabild,10,41,37,11,46
av_calla,5,7,8,6,7
av_congres,7,12,9,5,8
av_cordob,20,21,34,17,47
av_corrient,62,40,26,55,51
av_directori,14,11,5,10,6
av_gaon,8,4,2,8,3
av_her,0,3,21,2,15
av_incas,4,11,2,3,5
av_independent,25,6,5,10,2
av_juan,30,11,8,26,19
av_jujuy,11,6,6,12,0
av_libert,11,27,71,13,46
av_monro,2,16,9,0,3
av_nazc,13,4,1,10,5
av_pedr,6,1,7,3,10
av_plat,32,8,1,72,3
av_pueyrredon,5,3,7,8,21
av_rios,19,8,1,11,1
av_rivadavi,64,20,10,57,25
av_san,49,26,20,30,26
av_sant,9,32,42,6,48
av_scalabrini,5,5,4,5,20
av_triunvirat,4,10,11,3,5
avellaned_cucicb,5,15,5,2,0
aven_corrient,11,10,1,4,10
aven_sant,0,3,17,3,12
aã_antigued,19,6,10,26,14
aã_antigã¼ed,15,16,22,12,13
aã_exit,0,2,16,0,9
b_alberdi,9,5,2,14,7
b_estacion,8,13,4,6,11
b_just,42,20,5,31,28
b_public,6,5,1,9,13
baj_10,0,26,12,0,0
baj_2,5,8,2,3,7
baj_ampli,13,4,7,4,3
baj_belgran,0,4,11,6,4
baj_contrafrent,11,0,5,12,2
baj_descubiert,0,0,37,0,0
baj_expens,87,48,51,61,55
baj_frent,22,8,5,8,9
baj_living,28,4,5,14,7
baj_mes,52,52,50,35,46
baj_pati,8,4,4,9,3
balcn_terraz,6,0,0,13,4
balcon_1,3,9,1,1,11
balcon_2,19,13,6,9,13
balcon_3,14,7,7,4,23
balcon_4,8,2,5,3,8
balcon_ampli,19,4,9,8,11
balcon_aterraz,36,53,53,43,68
balcon_baã,17,17,3,13,36
balcon_buen,11,11,6,5,11
balcon_call,17,9,7,1,3
balcon_cocher,3,7,23,2,17
balcon_cocin,33,34,34,22,40
balcon_consult,2,11,0,0,16
balcon_contrafrent,19,24,19,5,18
balcon_corr,98,105,80,104,146
balcon_dormitori,10,5,1,5,9
balcon_edifici,4,7,13,5,12
balcon_excelent,4,6,8,4,6
balcon_franc,7,7,6,3,9
balcon_francã,11,18,4,3,17
balcon_frent,70,67,65,53,60
balcon_living,7,6,4,6,9
balcon_lumin,11,21,12,8,13
balcon_parrill,5,7,14,9,16
balcon_pati,9,6,3,6,9
balcon_pis,16,11,15,2,8
balcon_terraz,84,56,60,61,91
balcon_vist,20,20,27,13,22
balcã_n,63,63,58,62,94
ban_complet,22,10,4,6,11
bao_complet,17,5,3,28,14
barr_desayun,15,30,17,7,37
barrac_departament,5,2,0,17,3
barrac_terren,0,22,11,0,0
barranc_belgran,1,7,15,1,14
barri_barrac,5,22,11,5,0
barri_belgran,2,12,21,4,22
barri_boed,13,4,3,3,2
barri_caballit,1,15,11,5,11
barri_flor,18,7,0,12,19
barri_nort,17,29,39,15,47
barri_palerm,7,8,27,11,19
barri_parqu,35,23,11,9,4
barri_residencial,5,12,3,1,6
barri_saavedr,6,13,0,11,28
barri_san,12,19,12,10,17
barri_vill,18,22,7,8,17
barrionuev_cucicb,27,22,16,1,2
bas_febrer,3,33,36,0,0
bauler_cocher,2,1,2,3,17
bauler_optat,3,8,10,10,20
bauler_tip,1,20,5,1,1
bauler_u,0,2,51,4,0
bauler_ubic,3,11,1,4,10
baã_1,16,2,10,6,5
baã_2,19,5,3,9,6
baã_balcon,8,19,6,7,21
baã_cocin,78,28,28,69,52
baã_compl,12,6,6,3,6
baã_complet,481,346,275,341,497
baã_duch,15,9,9,11,9
baã_pis,3,4,15,7,5
baã_principal,8,8,3,2,4
baã_recicl,12,9,3,9,2
baã_servici,21,14,5,16,13
baã_suit,9,11,19,10,18
baã_toilett,19,18,17,13,32
baãƒ_complet,9,6,6,4,10
baãƒâ_complet,11,16,24,6,15
belfort_propiedad,11,9,19,11,16
belgran_1,0,5,28,0,2
belgran_2,5,4,30,1,2
belgran_3,0,8,23,1,3
belgran_apto,0,2,25,2,3
belgran_chic,4,3,6,1,10
belgran_r,11,16,19,7,16
bien_distribu,8,7,6,6,2
bien_raic,74,33,22,32,19
bien_ubic,22,6,5,13,13
boc_capital,10,0,1,14,2
boed_cercan,18,0,0,49,0
bolet_sald,24,8,5,19,18
bott_cucicb,12,7,22,13,1
boujon_mls,29,14,12,0,1
brokers_preci,9,1,3,5,11
brokers_propiedad,2,3,28,2,21
bs_as,2,2,13,4,10
buen_acces,4,6,38,4,0
buen_air,77,264,677,102,30
buen_calid,9,6,14,4,14
buen_categori,3,4,7,2,9
buen_condicion,13,6,6,3,16
buen_conservacion,8,2,1,12,4
buen_departament,56,47,30,47,49
buen_dept,5,7,0,6,2
buen_distribucion,19,16,12,9,19
buen_edifici,15,10,8,9,15
buen_general,15,6,4,17,15
buen_gust,17,8,12,7,12
buen_lumin,29,8,8,19,22
buen_luz,4,4,5,1,12
buen_ph,8,3,1,14,3
buen_pis,8,9,5,8,9
buen_ubicacion,39,41,19,27,45
buen_ubicaciã,7,8,1,7,3
buen_vist,6,11,18,7,12
c_b,9,4,3,8,6
c_balcon,7,8,9,13,10
c_c,11,9,5,22,13
c_dependent,9,1,11,6,9
c_m,20,16,15,4,0
c_p,19,16,15,4,0
c_placard,7,7,5,4,11
c_posesion,6,4,0,17,4
c_public,5,7,2,7,9
caballit_2,0,6,27,1,13
caballit_excelent,6,4,6,14,21
cac_bas,3,33,36,0,0
cac_cocher,3,29,38,3,4
cac_edifici,15,14,5,1,3
cac_posesion,19,10,24,0,0
calder_individual,4,7,5,2,33
calefaccion_central,5,7,3,6,7
calid_construccion,6,12,19,3,13
calid_construct,23,24,12,12,29
calid_pis,3,5,8,5,9
calient_central,16,25,17,16,21
cang_mls,21,19,3,0,0
capital_brokers,2,3,29,2,21
capital_federal,89,271,673,120,41
carl_alarcon,46,16,5,4,1
carl_calv,7,4,6,13,2
carl_trec,16,5,6,4,0
carl_vazquez,12,1,1,15,2
carl_vinogr,7,19,7,0,0
cas_2,20,0,1,18,2
cas_3,20,2,6,24,10
cas_4,22,0,4,23,10
cas_5,23,2,3,30,3
cas_estil,6,1,10,10,8
cas_lot,10,6,8,34,5
cas_vent,9,0,5,11,2
castr_reiss,5,1,0,7,18
categori_cocher,2,10,3,4,9
categori_excelent,7,11,15,2,13
categori_frent,0,7,38,1,4
categori_pis,3,5,5,4,8
caã_eri,7,5,13,8,2
caã_itas,3,14,36,7,20
centr_comercial,26,10,14,12,17
ceram_cocin,7,8,1,7,3
cerc_av,6,6,4,8,5
cerc_subt,3,10,7,3,7
cercan_subt,24,4,2,55,6
chacabuc_vent,15,3,0,20,7
champani_4330contact,186,106,108,29,12
citi_preci,2,2,16,1,6
ciud_buen,9,3,13,5,6
ciud_paz,0,6,9,6,6
cocher_2,10,1,5,4,8
cocher_apto,7,12,68,11,3
cocher_bauler,17,55,41,23,47
cocher_cubiert,24,47,53,22,46
cocher_cucicb,0,38,38,0,0
cocher_dispon,7,26,0,4,36
cocher_edifici,5,4,20,2,12
cocher_fij,38,68,93,46,105
cocher_opcional,17,25,45,13,42
cocher_optat,6,7,17,14,21
cocher_plant,6,0,37,4,5
cocher_u,4,30,9,1,2
cocin_1,13,6,5,3,3
cocin_2,11,4,3,8,10
cocin_3,7,2,1,12,5
cocin_abiert,5,9,11,3,6
cocin_american,19,21,28,8,37
cocin_ampli,21,7,15,12,13
cocin_barr,6,14,18,7,11
cocin_baã,92,46,29,57,48
cocin_c,7,10,3,2,3
cocin_comedor,192,87,85,218,154
cocin_complet,92,49,65,88,108
cocin_equip,21,14,9,26,15
cocin_espaci,12,6,2,6,6
cocin_gas,10,11,11,3,20
cocin_incorpor,37,23,18,23,22
cocin_independient,51,25,28,28,42
cocin_integr,126,173,143,88,164
cocin_lavader,67,50,36,61,64
cocin_living,10,6,10,7,11
cocin_muebl,32,11,19,16,13
cocin_offic,4,5,8,7,17
cocin_recicl,14,10,8,3,12
cocin_semi,15,23,12,7,9
cocin_separ,68,34,35,27,37
cocin_total,6,4,8,6,6
codig_2682mc,17,3,4,7,9
codig_673a,6,1,0,24,0
codig_ubic,72,46,38,87,77
colect_emprend,18,0,0,49,0
colect_subt,10,3,5,10,8
comedor_2,28,10,10,28,28
comedor_3,38,13,12,40,20
comedor_4,19,4,1,21,4
comedor_5,12,6,3,13,9
comedor_6,6,6,5,18,9
comedor_ampli,40,23,30,29,38
comedor_apais,1,9,10,8,14
comedor_balcon,34,24,51,34,54
comedor_baã,30,4,8,27,21
comedor_cocin,159,101,60,152,98
comedor_diari,136,75,67,160,108
comedor_dormitori,37,22,14,36,45
comedor_dos,22,8,3,18,15
comedor_escritori,7,5,9,10,9
comedor_frent,5,6,8,9,13
comedor_gran,9,7,8,5,8
comedor_l,10,7,19,7,21
comedor_lavader,15,6,11,16,7
comedor_living,13,1,4,8,3
comedor_pis,49,41,30,39,42
comedor_sal,61,36,61,26,89
comedor_toilett,11,11,18,13,17
comedor_ventanal,10,2,5,10,5
comedor_vist,6,8,6,22,4
comesaã_cucicb,14,14,4,0,1
comod_ambient,14,4,3,2,3
comod_cocin,12,10,2,8,13
comod_departament,16,4,1,9,6
comod_dormitori,18,8,2,21,17
comod_lumin,12,4,8,5,3
compel_preci,6,5,2,5,23
complet_1,16,7,9,9,13
complet_2,21,5,5,9,7
complet_ampli,11,6,7,17,14
complet_balcon,25,16,17,15,21
complet_baã,37,29,22,21,33
complet_cocin,82,63,44,61,77
complet_comedor,10,0,5,5,10
complet_dormitori,30,16,9,13,22
complet_dos,4,4,6,6,7
complet_edifici,11,5,5,10,16
complet_lavader,37,14,16,38,31
complet_living,10,9,12,13,10
complet_lumin,10,7,4,2,10
complet_nuev,2,5,6,5,9
complet_pati,14,1,1,21,7
complet_pis,26,8,5,13,24
complet_placard,5,7,7,1,19
complet_recicl,7,5,3,14,3
complet_toilett,30,28,21,48,67
complet_ventilacion,5,8,2,3,17
compr_propied,9,10,3,9,6
conexion_lavarrop,8,12,5,3,10
consign_aproxim,16,12,2,24,17
const_ampli,11,6,3,13,8
const_living,15,14,7,16,8
const_livingcomedor,12,5,4,9,13
constanci_med,32,21,5,41,30
constru_ubicacion,0,2,16,0,9
construccion_management,0,2,16,0,9
construct_primer,5,15,0,1,22
construirãƒâ_call,9,13,4,0,17
consult_cocher,4,14,0,1,20
consult_visit,3,7,19,0,1
consultor_inmobiliari,9,3,2,7,7
contrafrent_2,10,3,1,8,6
contrafrent_abiert,3,11,4,3,12
contrafrent_ampli,5,3,1,10,8
contrafrent_balcon,29,17,14,16,38
contrafrent_balcã,3,5,3,4,11
contrafrent_buen,4,3,7,4,11
contrafrent_cocin,7,14,8,5,11
contrafrent_living,3,10,2,4,6
contrafrent_lumin,13,31,16,17,24
contrafrent_vist,21,14,17,4,12
corazon_palerm,2,5,14,6,19
corazon_vill,6,12,6,0,7
coronel_diaz,3,6,8,2,13
corr_cocher,3,13,6,1,3
corr_cocin,8,9,0,3,9
corr_frent,10,11,16,19,14
corr_vist,5,2,12,3,11
corrient_av,10,1,1,6,8
corrient_subt,8,11,2,10,20
cresp_1,6,22,22,1,4
cresp_2,3,17,13,0,1
cresp_apto,0,30,30,0,3
cresp_excelent,16,9,5,28,29
cristi_arnal,13,8,10,8,1
cristin_barrionuev,27,22,16,1,2
crã_dit,21,13,12,21,10
cuadr_av,179,145,112,167,154
cuadr_avda,13,6,7,7,16
cuadr_aven,28,20,23,25,28
cuadr_estacion,34,23,22,13,19
cuadr_parqu,26,26,12,20,15
cuadr_plaz,21,14,21,15,21
cuadr_shopping,2,10,3,6,17
cuadr_subt,40,32,25,37,40
cuatr_ambient,12,6,2,9,2
cuatr_cuadr,4,8,5,3,9
cuatr_dormitori,3,4,8,14,7
cubiert_2,9,2,4,4,6
cubiert_balcon,10,6,3,7,15
cubiert_bauler,6,2,43,2,11
cubiert_descubiert,4,12,2,10,14
cubiert_mas,10,8,4,7,4
cubiert_pati,16,1,1,6,3
cubiert_total,11,2,7,10,4
cubiert_u,0,6,31,1,7
cucicb_1104contact,10,9,2,4,0
cucicb_1762contact,34,18,9,2,2
cucicb_2406contact,31,24,29,3,1
cucicb_2407contact,38,21,20,6,6
cucicb_2718contact,17,7,7,2,0
cucicb_4037contact,16,5,6,4,0
cucicb_4054contact,5,15,5,2,0
cucicb_4173contact,14,5,9,0,0
cucicb_4251contact,55,37,20,2,1
cucicb_4824,21,14,3,0,0
cucicb_4993contact,45,27,18,4,0
cucicb_5058contact,46,16,5,4,1
cucicb_5334contact,18,19,12,0,0
cucicb_5421contact,14,14,4,0,1
cucicb_5666contact,44,43,22,6,0
cucicb_5922contact,12,7,22,13,1
cucicb_6030contact,22,8,7,6,0
cucicb_6267contact,31,15,1,5,0
cucicb_6281contact,27,22,16,1,2
cucicb_6339contact,28,14,11,0,0
cucicb_mat,6,84,124,7,3
cuent_2,6,6,1,7,8
cuent_3,7,2,10,2,6
cuent_ampli,15,7,18,12,12
cuent_cocin,13,5,9,10,16
cuent_dos,12,4,9,8,8
cuent_gran,6,3,6,2,11
cuent_living,20,13,7,21,18
cuent_pilet,4,4,8,3,6
cuent_piscin,1,5,11,2,8
cuot_5,22,3,3,37,3
cuot_6,25,1,4,43,9
cuot_7,9,0,0,28,3
cuot_8,7,0,0,17,1
cuot_ajust,11,9,25,30,9
cuot_fij,8,4,0,6,11
cuot_pes,96,72,59,70,34
cuy_fech,18,0,0,49,0
cã_mod,8,14,2,10,4
d_odor,2,4,6,4,9
daniel_acost,31,24,29,3,1
deck_mader,3,11,15,3,19
dej_constanci,43,25,9,44,35
delg_cucicb,28,14,11,0,0
demichelli_cucicb,10,9,2,4,0
dep_96,13,0,2,13,3
dep_preci,18,3,8,9,9
departament_1,67,102,99,50,131
departament_2,206,182,127,166,251
departament_3,235,116,122,204,214
departament_4,95,49,37,99,96
departament_5,13,5,12,12,17
departament_ambient,15,25,23,20,34
departament_ampli,8,6,9,6,5
departament_apto,9,4,7,6,8
departament_argentin,45,241,644,73,1
departament_barri,8,7,4,6,17
departament_belgran,6,8,11,1,22
departament_categori,2,6,9,2,17
departament_const,8,7,5,3,8
departament_contrafrent,5,11,5,3,7
departament_cuent,16,16,16,19,10
departament_dos,29,23,26,16,26
departament_duplex,4,4,13,3,11
departament_edifici,6,7,10,0,9
departament_encuentr,12,8,11,9,5
departament_estren,32,43,44,27,48
departament_excelent,11,6,10,2,12
departament_frent,29,33,23,25,28
departament_lumin,8,6,7,5,6
departament_monoambient,36,76,71,46,49
departament_ph,7,12,0,5,13
departament_pis,26,18,25,20,27
departament_poz,1,3,18,2,9
departament_recicl,9,9,5,1,7
departament_saavedr,2,6,0,6,14
departament_semipis,8,10,6,4,9
departament_tip,37,9,15,43,20
departament_total,7,1,5,8,4
departament_tres,27,10,6,15,18
departament_ubic,19,13,18,12,27
departament_vent,34,47,46,27,67
dependent_baã,15,4,3,3,7
dependent_cocher,5,8,18,7,14
dependent_frent,15,6,2,13,8
dependent_servici,66,37,49,55,77
dependent_vent,5,0,1,11,9
dept_1,12,11,6,10,17
dept_2,24,11,16,18,11
dept_3,41,9,11,15,14
dept_4,14,3,10,6,2
dept_pis,10,6,5,8,8
desarroll_2,9,3,3,10,2
desarroll_barri,6,12,0,1,21
desarroll_calid,8,15,0,1,22
desarroll_construccion,0,2,16,0,9
desarroll_dos,8,2,3,14,7
desarroll_inmobiliari,7,2,2,22,16
desarroll_lot,2,0,34,1,0
desarroll_plant,11,27,12,6,3
descripciã_n,18,20,15,15,25
descubiert_opcional,0,7,1,5,13
descubiert_u,0,5,65,0,0
detall_calid,9,4,12,2,14
detall_categori,18,22,18,12,27
detall_terminacion,12,8,13,6,6
devot_citi,2,2,16,1,6
diari_3,8,3,8,8,2
diari_baã,11,4,1,8,2
diari_dependent,7,2,3,7,10
diari_lavader,23,24,11,30,40
diciembr_2015,5,5,7,7,3
diciembr_2016,14,7,8,6,5
diferent_lin,21,2,0,49,2
direct_propietari,11,10,2,9,6
diseã_ado,2,11,55,2,19
diseã_calid,5,6,2,1,16
diseã_sum,5,15,0,1,22
dispon_unidad,4,14,0,1,18
divis_balcon,6,7,3,3,6
divis_estren,11,16,6,11,16
dobl_altur,25,19,18,30,19
dobl_circulacion,28,28,17,22,21
dobl_entrad,25,11,7,22,18
dobl_frent,7,6,12,5,8
dobl_vidri,8,4,12,3,4
don_holmberg,19,18,4,0,6
dormitori_1,47,24,19,18,17
dormitori_2,32,13,23,37,31
dormitori_3,31,13,12,24,14
dormitori_ampli,38,14,20,20,19
dormitori_apto,11,74,159,3,0
dormitori_balcon,4,4,3,5,9
dormitori_baã,57,33,29,56,57
dormitori_buen,9,7,3,5,6
dormitori_c,15,8,3,7,11
dormitori_cocher,6,5,65,2,6
dormitori_cocheraexcelent,3,3,37,8,0
dormitori_cocin,37,24,9,42,26
dormitori_dependent,11,11,23,18,21
dormitori_dos,5,8,11,9,6
dormitori_escritori,18,7,3,10,8
dormitori_frent,9,11,8,13,11
dormitori_gran,13,3,8,7,10
dormitori_living,28,7,5,14,13
dormitori_lumin,11,4,12,3,2
dormitori_mas,10,5,7,5,8
dormitori_pis,30,23,10,20,15
dormitori_plac,19,6,3,6,2
dormitori_placar,18,8,8,8,23
dormitori_placard,148,70,46,108,133
dormitori_principal,47,26,53,61,66
dormitori_suit,35,35,125,55,104
dormitori_vestidor,7,8,5,6,4
dos_ambient,79,78,89,47,62
dos_ampli,14,9,2,11,7
dos_aut,10,2,5,9,1
dos_av,8,2,6,5,7
dos_balcon,7,10,5,7,6
dos_baã,17,14,19,20,19
dos_cuadr,48,33,54,41,43
dos_dormitori,119,48,62,70,105
dos_habit,10,2,4,5,3
dos_pati,6,7,3,9,1
dos_plant,57,16,14,51,27
dos_unidad,8,2,1,13,1
dpto_2,5,6,8,5,8
dpto_3,11,4,6,6,5
dueã_vend,4,3,3,15,0
duplex_2,2,11,7,6,3
duplex_3,21,3,5,13,13
duplex_estren,6,4,6,2,7
edifici_13,0,3,17,0,9
edifici_2,7,3,4,6,8
edifici_6,1,7,6,9,3
edifici_7,4,6,4,6,7
edifici_8,7,5,7,3,11
edifici_9,4,4,9,6,8
edifici_ameniti,8,27,20,10,20
edifici_antigu,14,8,9,14,9
edifici_apto,6,10,14,0,24
edifici_buen,10,6,7,6,11
edifici_categori,22,49,74,11,61
edifici_cocher,2,8,1,2,13
edifici_construccion,5,7,3,1,12
edifici_construirãƒâ,9,13,4,0,17
edifici_cuent,12,36,44,18,44
edifici_diseã,2,2,22,0,15
edifici_encuentr,20,8,5,3,4
edifici_esquin,5,11,6,6,11
edifici_estil,18,7,9,11,14
edifici_estren,26,20,22,6,39
edifici_excelent,5,5,10,1,4
edifici_gran,1,4,18,4,11
edifici_modern,11,10,5,12,17
edifici_nuev,5,10,8,4,14
edifici_piscin,2,9,10,1,16
edifici_plant,5,5,1,6,12
edifici_sum,2,5,6,0,13
edifici_torr,22,15,29,12,23
edifici_ubic,10,15,8,14,15
efeg_propiedad,5,4,0,20,10
eficient_garay,5,15,0,1,22
elã_ctric,31,37,50,21,40
emblemat_edifici,0,4,17,1,11
emplaz_av,13,4,8,3,9
emprend_12,0,38,37,0,0
emprend_cuy,18,0,0,49,0
emprend_desarroll,8,14,0,16,22
emprend_premium,0,6,37,0,0
emprend_srl,6,1,0,25,0
encuentr_ubic,26,11,13,8,10
entrad_ampli,5,8,5,5,23
entrad_aut,8,0,2,13,3
entrad_independient,81,17,10,96,10
entrad_living,30,5,10,39,20
entrad_principal,24,16,15,20,10
entrad_servici,22,8,11,12,16
entrad_toilett,0,2,13,17,3
entreg_aproxim,3,12,3,6,3
entreg_diciembr,8,11,4,12,4
entreg_estim,12,19,5,2,15
entreg_inmediat,19,16,10,2,15
entreg_marz,10,12,3,2,5
equip_air,1,6,11,4,10
equip_baã,15,6,0,11,2
equip_muebl,4,5,10,2,10
espaci_guard,4,4,9,2,7
espaci_guardacoch,14,8,15,2,16
espaci_lavarrop,20,16,7,2,13
espaci_verd,6,20,7,4,8
espectacul_departament,7,2,22,2,16
espin_propiedad,11,1,6,17,4
estacion_malabi,6,8,7,0,6
estacion_subt,17,18,11,9,10
estacion_tren,14,4,8,3,5
estaciã_n,16,7,1,3,3
estil_francã,10,7,4,1,14
estratã_gic,11,12,21,8,5
estren_1,8,7,8,2,7
estren_2,8,19,19,5,18
estren_3,4,3,11,10,8
estren_apto,34,34,21,4,22
estren_balcon,13,13,9,4,12
estren_cocher,6,11,7,0,13
estren_contrafrent,3,8,3,1,16
estren_edifici,4,14,5,0,33
estren_entreg,5,7,9,1,12
estren_excelent,11,12,8,5,13
estren_frent,6,19,14,2,13
estren_lumin,6,9,6,2,5
estren_pis,3,1,12,10,12
estren_posesion,6,16,4,3,11
estren_ubic,5,9,15,1,9
estren_vent,2,5,8,0,14
estudi_aisenson,0,3,26,0,10
estudi_inmobiliari,14,3,6,9,25
estudi_profesional,4,6,9,3,13
estuf_tir,8,7,2,9,2
excelent_2,8,19,32,3,24
excelent_3,10,3,12,10,21
excelent_4,9,6,4,5,9
excelent_acces,9,4,8,10,5
excelent_calid,21,8,26,15,12
excelent_cas,36,3,7,45,7
excelent_condicion,13,10,1,3,6
excelent_departament,110,93,109,89,195
excelent_dept,13,12,12,11,13
excelent_detall,13,5,10,10,5
excelent_distribucion,9,7,11,5,4
excelent_duplex,4,7,5,10,17
excelent_edifici,10,19,15,7,27
excelent_emprend,2,8,2,4,15
excelent_local,9,7,24,35,18
excelent_lumin,16,9,5,12,13
excelent_monoambient,15,44,44,9,53
excelent_oportun,17,9,6,16,14
excelent_ph,37,9,1,66,14
excelent_pis,24,21,27,24,30
excelent_propied,8,1,2,9,6
excelent_semipis,14,21,21,10,31
excelent_termin,8,7,24,4,22
excelent_ubicacion,136,118,100,95,178
excelent_ubicaciã,31,23,6,23,20
excelent_unid,9,5,7,11,30
excelent_vist,17,17,42,17,31
excelent_zon,27,35,35,12,35
exit_trayectori,0,2,16,0,9
expens_1,6,11,3,6,3
expens_apto,7,4,7,6,4
expens_excelent,10,4,7,4,9
extern_lumin,1,8,5,3,8
ez_1,1,2,38,0,0
fabian_boujon,29,14,12,0,1
facil_acces,22,5,6,7,6
falcon_6025,7,0,1,0,19
favier_rey,11,9,5,0,0
febrer_2016,4,35,38,1,6
fech_d,18,0,0,49,0
feder_delg,28,14,11,0,0
federal_barrac,0,22,9,0,0
federal_barri,5,19,21,9,10
federal_belgran,0,18,105,4,0
federal_caballit,1,12,60,0,3
federal_flor,3,2,42,3,0
federal_nuã,1,11,68,1,0
federal_palerm,4,12,55,5,3
federal_puert,0,0,11,15,2
federal_recolet,0,3,16,12,1
federal_saavedr,5,11,9,0,0
federal_san,7,35,44,1,0
federal_vill,23,93,142,22,3
fern_comesaã,14,14,4,0,1
fideicomis_cost,14,7,5,7,14
fij_bauler,3,11,10,7,10
fij_cubiert,20,19,28,13,50
flavi_aguirr,15,12,10,0,0
flor_departament,8,3,0,7,6
flor_nort,9,2,0,9,18
fond_4,0,6,36,0,0
form_pag,14,26,16,26,30
francã_s,25,29,17,10,42
frent_2,22,12,11,10,12
frent_3,10,7,4,9,9
frent_42m,0,6,36,0,0
frent_ampli,15,15,9,16,17
frent_apto,3,11,10,2,5
frent_balcon,93,93,66,70,81
frent_balcã,14,17,12,14,27
frent_baã,4,7,3,4,9
frent_buen,8,8,7,10,15
frent_call,7,5,6,5,7
frent_cocher,10,10,16,2,12
frent_cocin,20,22,14,8,18
frent_contrafrent,19,14,8,19,22
frent_cuent,5,3,2,8,7
frent_dormitori,4,3,10,4,5
frent_dos,10,8,2,5,6
frent_edifici,16,10,10,6,14
frent_entrad,26,6,3,18,6
frent_estren,4,9,4,9,4
frent_excelent,10,11,15,5,17
frent_living,23,11,6,4,13
frent_lumin,34,39,31,22,41
frent_mas,0,2,29,3,0
frent_pati,9,6,3,13,6
frent_pis,17,10,7,15,5
frent_placard,5,4,10,9,3
frent_plant,7,3,5,10,2
frent_plaz,18,4,12,13,15
frent_sal,3,6,4,4,9
frent_sup,10,9,7,13,10
frent_tip,5,10,1,6,5
frent_vist,13,10,13,10,12
fri_calor,33,35,31,15,34
funcional_eficient,5,15,0,1,22
garay_612,5,15,0,1,21
garci_4040contact,36,17,19,3,2
gener_med,10,4,2,3,6
gg_brokers,9,1,3,5,11
gral_paz,10,18,2,15,16
gran_ambient,8,2,8,2,6
gran_balcon,13,20,15,9,27
gran_calid,3,5,18,5,7
gran_cantid,6,6,6,5,4
gran_categori,6,6,29,8,14
gran_cocin,17,4,9,18,13
gran_living,45,39,48,48,63
gran_livingcomedor,8,2,2,9,9
gran_nivel,8,5,1,0,12
gran_pati,10,1,4,26,4
gran_placard,12,3,3,8,6
gran_recepcion,2,3,11,8,16
gran_terraz,10,3,5,12,6
gran_ventanal,9,6,4,4,3
grup_electrogen,3,6,8,3,5
grup_meg,20,14,4,13,5
guastell_869contact,83,82,68,3,1
guendl_811contact,20,9,7,6,0
gustav_guastell,83,82,68,3,1
gustav_simon,9,9,9,0,1
habitacion_servici,14,4,3,9,5
hall_acces,8,6,4,6,9
hall_distribucion,26,11,7,17,8
hall_entrad,70,47,60,102,92
hall_living,5,3,6,6,8
hall_recepcion,32,14,13,23,8
hech_nuev,16,6,11,10,14
hector_merl,38,21,20,6,6
hermos_cas,5,0,2,15,3
hermos_departament,33,34,22,30,59
hermos_dept,11,3,7,5,3
hermos_monoambient,6,6,4,1,11
hermos_ph,11,2,5,22,2
hermos_vist,6,2,9,4,17
hern_perron,105,49,11,18,2
hij_inmob,12,0,1,14,2
horn_anaf,4,3,12,4,8
horn_elã,10,9,30,4,21
i_5527contact,18,15,15,4,0
ideal_inversion,12,8,8,3,10
ideal_inversor,24,16,24,12,20
ideal_rent,5,4,6,2,14
impec_departament,9,9,12,12,19
incorpor_adem,4,12,0,1,20
incorpor_baã,24,21,3,5,16
increibl_vist,2,2,15,4,5
independient_baã,18,15,5,9,16
independient_lavader,13,7,6,5,7
indic_cac,3,35,42,0,0
inform_constructor,19,8,3,0,0
ingres_hall,7,7,6,3,2
ingres_living,16,5,0,9,2
inmejor_ubicacion,15,18,22,24,25
inmejor_zon,3,11,6,7,8
inmob_trav,12,0,1,14,2
inmobiliari_preci,108,47,58,130,104
inmobiliari_s,19,8,1,39,11
integr_barr,9,18,15,6,19
integr_baã,22,20,16,4,28
integr_dormitori,8,9,6,4,11
integr_equip,6,10,7,3,4
integr_estudi,0,2,16,0,9
integr_living,9,9,11,7,16
integr_muebl,4,19,7,6,15
integr_toilett,8,13,4,15,5
interior_placard,1,2,10,5,8
inversiã_n,8,3,8,4,4
j_b,7,6,0,14,7
jacuzzi_solarium,5,20,1,3,7
jannot_prop,0,3,9,10,9
jardã_n,10,7,2,10,9
jorg_favier,11,9,5,0,0
jorg_salafi,44,43,22,6,0
jos_guendl,20,9,7,6,0
juan_b,45,21,10,36,30
juan_carl,27,20,10,5,1
juli_albert,14,5,9,0,0
juni_2016,8,9,6,1,0
laket_propiedad,3,2,10,5,9
lateral_lumin,12,12,2,9,6
laundry_solarium,10,6,4,13,9
laundry_sum,1,31,16,6,15
laur_avellaned,5,15,5,2,0
lavader_balcon,10,7,5,4,7
lavader_baã,15,7,9,6,9
lavader_cubiert,10,3,1,5,6
lavader_dependent,11,13,11,12,13
lavader_incorpor,42,37,17,34,55
lavader_independient,94,54,27,68,88
lavader_living,13,5,4,5,2
lavader_pati,14,1,1,12,4
lavader_separ,18,5,8,11,13
lin_colect,61,25,32,90,37
lind_departament,7,14,7,3,13
line_b,21,21,10,9,22
line_d,7,14,35,4,16
line_diferent,18,0,0,49,0
line_subt,9,5,3,4,4
living_3,8,1,1,12,3
living_ampli,17,5,6,14,5
living_baã,8,3,3,5,8
living_cocin,39,11,13,11,19
living_com,11,6,4,8,5
living_comedor,684,395,415,594,577
living_dormitori,11,5,7,12,15
living_pis,8,13,2,2,5
living_sal,10,3,9,14,20
livingcomedor_2,8,2,4,9,5
livingcomedor_cocin,20,12,6,11,18
livingcomedor_pis,5,5,7,6,6
llen_luz,3,1,10,2,9
local_call,10,1,7,12,7
local_capital,5,8,4,8,8
local_comercial,7,15,15,26,24
local_esquin,5,2,6,7,4
local_ubic,1,9,4,6,7
local_vent,7,1,4,11,10
localiz_barri,0,22,11,0,0
localvent_local,10,6,15,27,24
los_radiant,12,11,12,5,21
lot_8,13,3,4,32,4
lot_propi,53,8,13,75,9
lot_tripl,0,0,29,1,0
loung_propiedad,8,5,4,10,5
luc_feder,28,14,11,0,0
ludigliani_desarroll,4,1,1,12,10
luis_rom,36,17,19,3,2
luis_varel,38,27,35,8,3
lumin_2,9,4,11,12,10
lumin_3,9,4,6,2,6
lumin_air,16,6,5,11,3
lumin_ambient,20,11,11,17,19
lumin_ampli,23,18,17,24,13
lumin_apto,4,7,4,2,8
lumin_balcon,26,21,19,14,22
lumin_baã,6,5,19,5,12
lumin_buen,32,24,21,19,40
lumin_cocher,3,7,10,5,17
lumin_cocin,19,30,23,9,36
lumin_contrafrent,4,11,4,2,6
lumin_cuent,11,2,5,7,7
lumin_departament,11,6,7,4,13
lumin_dormitori,8,2,5,2,9
lumin_dos,6,6,8,1,4
lumin_edifici,15,12,11,17,14
lumin_estren,4,3,11,0,7
lumin_excelent,43,33,20,17,28
lumin_frent,12,25,20,4,11
lumin_living,25,25,17,20,33
lumin_orientacion,4,8,6,7,10
lumin_pis,30,35,35,14,23
lumin_silenci,6,15,7,10,10
lumin_sol,5,4,7,5,4
lumin_ubic,15,4,3,5,8
lumin_ventil,29,8,1,8,8
lumin_vist,14,11,27,15,14
luz_edifici,3,8,2,0,12
luz_natural,8,8,17,7,9
luz_sol,28,19,37,14,39
m2_aprox,10,2,3,10,4
m2_balcon,25,15,13,9,7
m2_cocher,5,8,2,1,11
m2_cocin,13,10,3,3,12
m2_consign,10,7,3,24,17
m2_constru,1,2,16,0,9
m2_cub,10,7,2,8,1
m2_cubiert,69,26,20,56,32
m2_descubiert,7,8,3,8,9
m2_excelent,8,7,4,4,7
m2_frent,6,11,5,8,4
m2_impec,5,5,2,7,6
m2_living,3,5,7,2,8
m2_propi,5,2,6,1,11
m2_proporcion,13,7,1,6,4
m2_superfici,3,7,7,6,5
m2_total,64,44,24,41,45
m2_vent,3,8,1,8,6
m_c,19,15,15,5,0
m_sodor,45,18,6,5,0
macagn_cucicb,31,15,1,5,0
mader_flotant,1,13,4,2,9
management_arupac,0,2,16,0,9
mankul_bien,5,0,4,8,13
mari_cristin,27,22,16,1,2
mari_natal,22,8,7,6,0
marian_aufseh,55,37,20,2,1
martin_macagn,31,15,1,5,0
marvisi_cucicb,34,18,9,2,2
marz_2016,33,9,9,18,10
mas_26,0,0,29,1,0
mas_30,0,2,16,0,9
mas_dependent,10,5,13,11,12
mat_1053,0,1,34,3,0
mat_5404,4,72,77,3,0
maur_marvisi,34,18,9,2,2
mb_inmobiliari,18,7,1,35,11
med_superfici,29,24,10,39,27
medi_cuadr,32,24,14,29,21
medi_transport,65,36,28,55,45
mejor_ubicacion,8,2,13,0,5
mejor_zon,20,32,67,17,33
mensaj_text,3,5,17,0,0
merl_cucicb,38,21,20,6,6
mes_alacen,19,18,22,10,15
mes_cocin,9,0,12,0,4
mes_granit,7,15,11,5,18
mes_pes,17,1,2,23,1
metr_av,62,45,70,59,68
metr_aven,17,7,12,10,8
metr_cuadr,10,5,4,6,8
metr_cubiert,8,6,3,6,10
metr_estacion,12,8,7,4,2
metr_parqu,12,13,2,10,15
metr_plaz,7,8,10,9,6
metr_subt,11,10,8,6,10
metr_total,15,9,2,2,8
mil_m2,0,2,16,0,9
mism_cuent,16,5,13,7,33
mls_id,1225,767,565,155,41
modern_diseã,9,7,6,1,6
modern_edifici,8,9,5,2,12
moment_pag,3,23,28,0,0
mon_ambient,4,7,23,5,16
monoambient_2,5,49,38,3,7
monoambient_ampli,2,27,1,4,8
monoambient_balcon,5,14,7,7,9
monoambient_contrafrent,7,9,4,1,12
monoambient_divis,42,42,14,20,41
monoambient_edifici,5,7,3,0,12
monoambient_estren,25,38,44,11,55
monoambient_frent,8,15,14,5,22
monoambient_san,1,10,5,4,8
monoambient_vent,8,9,1,17,13
mts_av,11,12,22,18,16
mts_cubiert,13,4,5,10,7
mts_present,0,0,28,1,0
mts_total,14,8,12,13,10
much_luz,19,17,13,10,15
muebl_altos,13,3,3,1,5
muebl_baj,39,35,30,20,21
muebl_cocin,16,14,26,8,13
muebl_complet,22,19,9,28,21
multifamili_localiz,0,22,11,0,0
n_2,10,4,1,14,3
n_cocher,10,3,3,2,7
n_cocin,6,4,8,12,3
n_corr,9,15,8,11,15
n_excelent,9,19,11,13,16
n_frent,6,11,7,5,6
n_terraz,14,8,11,14,7
nahuel_huapi,18,5,0,1,0
natal_cucicb,22,8,7,6,0
necesit_compr,11,10,2,9,6
negoci_inmobiliari,46,21,26,48,44
nuev_barri,8,14,5,0,0
nuev_cocin,9,5,7,6,7
nuev_edifici,13,6,9,2,4
nuev_emprend,7,13,6,20,8
nuev_excelent,10,6,6,2,3
nuev_hac,1,2,6,9,8
nuev_propiedad,2,5,5,4,9
numer_lin,11,6,8,20,10
numer_medi,11,3,1,4,6
nuã_ez,17,40,95,23,59
nã_â,9,11,4,0,17
opcional_cocher,1,9,20,4,10
opcional_u,2,2,30,2,5
operacion_vent,12,9,4,10,9
orientacion_nort,17,4,9,11,15
p_b,13,6,7,14,2
p_cac,19,9,2,1,7
p_h,25,0,1,16,3
p_s,19,15,15,4,0
pabl_cang,21,19,3,0,0
pag_100,2,3,21,0,1
pag_35,4,35,3,0,7
pag_40,8,39,46,19,6
pag_45,3,23,42,0,0
pag_50,0,4,20,0,5
pag_anticip,0,3,52,12,2
palerm_2,3,4,19,1,4
palerm_departament,2,6,8,11,10
palerm_excelent,3,4,10,0,23
palerm_hollywood,11,24,55,10,44
palerm_nuev,0,1,14,3,6
palerm_preci,6,6,7,3,6
palerm_soh,3,18,35,5,29
pali_priv,30,46,81,49,74
pali_semi,0,2,10,1,13
pali_semipriv,4,4,15,7,12
palmer_emprend,0,6,36,0,0
pamel_suarez,18,19,12,0,0
parqu_centenari,13,26,13,22,12
parqu_chacabuc,35,9,4,44,22
parqu_don,17,15,3,0,5
parqu_lezam,11,3,0,10,6
parqu_patrici,23,13,3,31,7
parqu_saavedr,6,5,7,4,5
parquet_ampli,10,4,2,5,25
parquet_balcon,5,2,4,7,8
parquet_baã,7,3,2,10,3
parquet_cocin,11,12,5,7,9
parquet_dormitori,7,6,3,8,6
parrill_cocher,5,10,7,6,12
parrill_cocin,9,2,3,7,11
parrill_jacuzzi,4,6,11,1,11
parrill_laundry,8,9,8,6,16
parrill_propi,7,4,7,16,14
parrill_solarium,6,5,6,9,13
parrill_terraz,9,12,15,8,6
part_pag,5,3,5,10,6
pas_av,4,7,11,3,7
pas_aven,2,3,2,8,10
pasill_distribucion,7,4,2,5,8
pati_balcon,9,9,3,10,1
pati_cocin,3,5,0,18,2
pati_cubiert,33,5,1,28,8
pati_intern,7,5,12,11,3
pati_lavader,19,4,0,16,11
pati_parrill,30,6,2,41,9
pati_plant,10,1,2,9,4
pati_propi,13,6,6,6,6
pati_terraz,47,6,6,73,1
patrici_m,45,18,6,5,0
patrici_vent,9,2,0,14,4
pb_living,12,3,2,14,4
pedr_goyen,3,4,10,10,17
perez_compel,6,5,2,5,23
perron_2792contact,105,49,11,18,2
pes_ajust,38,65,46,2,29
pes_bolet,20,5,0,0,0
pes_sald,25,9,1,0,0
pes_ubic,18,0,0,49,0
ph_2,32,10,7,35,14
ph_3,49,17,6,59,15
ph_4,35,2,1,29,4
ph_entrad,7,2,3,11,1
ph_estren,5,6,3,15,3
ph_frent,23,3,2,23,6
ph_plant,10,3,4,13,4
ph_prim,10,2,0,13,1
ph_recicl,10,4,1,10,3
ph_tip,15,1,0,6,3
ph_vent,6,0,1,33,3
pilet_parrill,1,6,8,3,7
pilet_solarium,11,8,19,18,19
pint_cucicb,17,7,7,2,0
pis_1,11,11,41,9,4
pis_11,8,2,18,1,2
pis_13,5,3,13,1,10
pis_2,24,21,18,21,20
pis_3,26,23,18,12,28
pis_4,25,31,15,29,30
pis_5,14,13,4,5,6
pis_8,8,8,5,3,4
pis_alto,32,43,61,36,61
pis_ameniti,1,23,13,0,6
pis_apto,1,7,4,1,12
pis_ascensor,7,5,5,10,8
pis_balcon,10,9,6,7,9
pis_categori,0,4,10,8,10
pis_ceram,48,29,8,48,13
pis_cont,6,4,0,10,6
pis_contrafrent,30,17,17,20,25
pis_departament,16,48,83,2,12
pis_dos,10,11,7,4,4
pis_edifici,11,4,12,6,6
pis_escaler,151,28,16,86,34
pis_flotant,37,39,30,27,48
pis_frent,76,54,39,52,37
pis_living,14,5,3,10,9
pis_lumin,12,3,4,3,6
pis_mader,28,45,68,29,68
pis_marmol,8,2,5,8,3
pis_parquet,137,96,66,89,120
pis_pinote,38,11,4,35,4
pis_pis,11,9,6,1,1
pis_porcelanat,56,48,26,20,43
pis_porcellanat,10,8,17,13,18
pis_radiant,2,3,8,7,6
pis_robl,10,9,7,4,9
pis_tech,2,14,14,4,15
pis_unidad,19,3,0,3,1
piscin_climatiz,3,10,8,6,16
piscin_jacuzzi,3,12,2,3,7
piscin_parrill,2,4,13,4,10
piscin_solarium,13,28,34,5,29
piscin_sum,3,6,11,1,15
placard_2,13,5,0,3,7
placard_balcon,9,4,5,3,5
placard_baã,47,27,23,34,45
placard_cocin,32,23,9,28,42
placard_empotr,7,9,6,5,6
placard_interior,9,9,4,5,15
placard_pis,34,10,16,15,15
placard_recepcion,4,0,8,10,4
plant_alta,55,11,11,49,16
plant_baj,264,122,145,249,113
plant_living,10,6,3,26,2
plant_lot,11,2,1,7,6
plant_plant,20,3,4,10,2
plant_prim,8,1,0,17,1
plat_5,18,0,0,49,0
plen_barri,9,15,15,4,9
plen_corazon,7,9,14,1,10
plen_palerm,2,4,16,1,7
poc_cuadr,23,27,26,13,33
poc_metr,5,7,9,4,14
ponti_3570contact,13,8,10,8,1
porcelanat_cocin,8,9,4,2,6
porter_visor,10,10,9,3,21
posesion_cocher,0,5,42,0,0
posesion_inform,19,8,3,0,0
posesion_inmediat,11,26,12,5,17
posesion_marz,5,1,2,18,3
posesion_sald,1,21,3,0,7
posesiã_n,6,8,11,0,7
poz_ampli,3,9,0,0,16
poz_departament,12,2,0,23,4
poz_ph,6,0,0,20,1
preci_ars,38,25,4,74,18
preci_usd,438,224,234,484,457
preferencial_buen,0,1,35,0,0
premium_24,0,6,36,0,0
premium_cocher,0,38,39,0,1
present_diseã,5,15,0,1,22
present_unidad,0,0,28,1,0
prim_nivel,2,2,25,7,4
prim_pis,125,39,25,96,36
prim_plant,11,2,4,18,5
primer_calid,7,18,21,11,15
primer_present,5,15,1,1,22
principal_placard,12,4,0,13,5
principal_servici,12,14,12,13,7
principal_suit,19,16,50,17,47
priv_ampli,1,3,15,5,15
priv_hall,4,8,7,3,12
priv_living,5,4,10,5,12
privilegi_barri,2,4,17,0,9
profesional_ameniti,5,7,6,17,12
profesional_ampli,3,8,2,1,13
profesional_baj,11,3,13,0,9
profesional_edifici,9,18,4,3,12
profesional_entreg,10,24,6,0,14
profesional_estren,5,15,9,2,7
profesional_excelent,6,4,6,8,11
profesional_lumin,2,8,6,4,13
profesionaldepartamentosform_pag,3,33,36,0,0
profesionalform_pag,3,37,73,0,0
profesionalgr_emprend,0,37,37,0,0
profesionall_palmer,0,6,34,0,0
profesionalmy_soh,0,0,34,0,0
profesionalproyect_viviend,0,22,9,0,0
propi_8,15,2,6,23,2
propi_parrill,9,3,5,10,4
propied_cuent,18,4,4,3,3
propied_departament,8,13,3,7,8
propiedad_preci,230,132,109,280,244
propietari_necesit,11,10,2,9,6
proporcion_consign,12,5,1,6,4
proxim_av,8,5,3,10,4
proxim_subt,7,1,2,12,10
public_adrian,12,1,6,17,4
public_alici,5,3,4,6,8
public_alpha,6,1,0,25,0
public_belfort,11,9,19,11,16
public_carl,12,1,2,15,2
public_castr,5,1,0,7,18
public_dep,17,3,8,9,9
public_devot,2,2,16,1,6
public_estudi,7,4,2,9,9
public_gg,9,1,3,5,12
public_grup,7,10,1,15,7
public_laket,3,2,10,5,9
public_ludigliani,4,1,1,12,10
public_mb,18,8,1,35,11
public_osvald,1,2,3,11,8
public_perez,6,5,2,5,23
public_querci,8,0,0,20,4
public_rafael,7,0,1,1,20
public_salguer,2,8,7,5,27
public_torr,17,7,3,10,16
public_travã,69,50,32,56,75
public_visualgestion,32,12,5,3,1
public_waim,7,19,7,6,19
public_zarleng,10,6,13,1,24
pued_comunic,5,7,17,0,1
pued_ser,7,3,2,13,5
puert_blind,20,18,11,13,22
puert_mader,11,1,59,56,23
puert_pamp,14,0,0,12,3
pulmon_manzan,14,27,17,9,17
querci_propiedad,8,0,0,20,4
quinch_parrill,17,3,12,13,9
r_stern,21,14,3,0,0
rafael_adri,7,0,1,1,20
raic_preci,21,3,0,15,7
raic_srl,48,30,18,5,0
ramon_falcon,13,3,13,4,21
raul_hector,38,21,20,6,6
real_estat,2,5,4,7,12
rebec_stern,110,88,33,6,3
recepcion_ampli,10,1,8,12,7
recepcion_cocin,10,7,16,13,15
recepcion_living,17,9,17,7,27
recepciã_n,5,6,8,11,4
recepciãƒâ³n_living,0,0,9,15,2
recicl_hac,15,9,8,12,13
recicl_nuev,51,35,42,50,42
reciã_n,6,4,6,3,5
refaccion_nuev,7,1,3,18,4
refuerz_4,3,33,36,0,0
refuerz_ser,3,33,36,0,0
reiss_propiedad,5,1,0,7,18
residenc_desarroll,0,0,29,1,0
residencial_edifici,5,7,0,0,18
respons_r,21,14,3,0,0
revest_ceram,4,8,5,9,19
rey_mls,11,9,5,0,0
ricard_demichelli,10,9,2,4,0
rio_ciud,0,1,10,2,12
rivadavi_subt,7,3,0,10,7
roj_negoci,5,2,4,6,8
rom_garci,36,17,19,3,2
rosari_pint,17,7,7,2,0
s_2,4,30,1,1,2
s_23,0,4,48,0,0
s_25,4,33,26,4,2
s_28,3,4,33,25,4
s_30,2,3,30,2,2
s_i,21,16,15,4,0
s_mapaprop,56,40,30,48,64
s_preci,19,11,2,35,11
s_u,6,4,7,4,8
sal_balcon,67,83,97,59,134
sal_pati,22,13,7,32,13
salafi_cucicb,44,43,22,6,0
sald_24,24,13,10,16,7
sald_cuot,19,10,53,1,0
salguer_propiedad,2,8,7,5,27
salon_usos,6,17,17,4,18
san_cristobal,27,22,38,19,26
san_juan,53,31,15,37,21
san_martin,21,23,18,21,27
san_nicol,7,5,2,8,3
san_telm,32,47,45,23,26
sanfilipp_estudi,7,0,1,1,20
sant_fe,11,28,62,10,59
santiag_jannot,0,3,9,10,9
saun_jacuzzi,1,18,9,6,8
scalabrini_ortiz,6,14,9,12,29
segund_dormitori,6,8,6,15,2
segund_pis,38,16,15,51,20
segund_plant,3,1,3,13,5
segur_24,5,12,36,11,19
segur_24hs,5,3,10,4,15
semi_integr,12,22,9,5,8
semi_pis,5,6,5,6,11
semi_priv,0,2,11,0,14
semipis_2,6,20,17,10,21
semipis_3,16,24,20,14,40
semipis_4,12,13,11,9,16
semipis_frent,26,13,16,16,23
separ_baã,10,4,11,6,4
separ_lavader,11,2,3,4,6
ser_actualiz,3,33,36,0,0
servici_baã,18,12,8,14,24
servici_central,4,5,6,4,9
servici_cocher,8,2,8,4,12
servici_comun,2,6,3,6,18
servici_individual,23,21,11,22,20
servici_inmobiliari,11,7,6,20,6
servici_lavader,7,5,3,3,7
seã_orial,14,3,2,12,4
shopping_dot,4,5,0,5,13
si_pued,5,7,17,0,0
simon_mls,9,9,9,0,1
sodor_5414contact,45,18,6,5,0
soh_torr,0,0,34,0,0
sol_2,7,3,6,8,5
sol_balcon,3,9,3,3,10
sol_dos,7,2,6,10,6
sol_vist,4,11,6,0,5
solarium_deck,4,8,7,4,15
solarium_form,5,1,0,17,3
solarium_jacuzzi,3,8,11,1,9
solarium_laundry,7,10,12,0,3
solarium_parrill,12,10,13,9,15
solarium_piscin,0,5,9,2,10
solarium_saun,2,14,19,4,17
solarium_sum,1,16,14,5,11
split_fri,6,15,8,6,14
srl_cucicb,45,30,18,5,0
srl_preci,6,1,0,25,0
stern_4824contact,110,88,33,6,3
stern_cucicb,21,14,3,0,0
suarez_cucicb,18,19,12,0,0
subt_b,45,35,20,48,41
subt_d,7,14,23,4,23
subt_line,77,36,32,75,48
suit_2,6,6,9,8,11
suit_baã,8,7,15,10,7
suit_cocin,5,8,15,14,11
suit_toilett,5,3,21,3,11
suit_vestidor,22,29,57,40,61
sujet_verificacion,6,5,2,17,6
sum_funcional,5,15,0,1,22
sum_laundry,3,12,7,0,12
sum_parrill,3,40,27,2,30
sum_piscin,1,6,7,4,8
sum_solarium,7,35,35,7,26
sup_cubiert,5,4,4,8,4
sup_lumin,74,61,88,71,92
sup_total,27,21,16,38,40
superfici_cubiert,15,9,12,21,9
superfici_m2,26,18,5,32,25
superfici_total,26,17,29,30,25
sur_parqu,3,5,2,14,1
sãºper_lumin,13,21,17,3,14
tambiã_n,12,6,7,5,6
tan_sol,7,4,8,7,6
tech_altos,16,6,10,16,9
tech_dobl,11,5,1,8,5
telm_apto,4,23,28,1,0
ter_cucicb,14,5,9,0,0
terc_dormitori,9,6,4,4,5
terc_pis,12,10,5,7,16
termin_categorã,0,8,8,2,8
terraz_2,11,3,3,7,4
terraz_cocher,4,3,5,10,5
terraz_frent,2,7,6,4,9
terraz_parrill,37,21,19,30,28
terraz_propi,77,30,31,68,23
terren_382m2,0,22,11,0,0
terren_vist,0,6,36,0,0
the_union,15,15,11,22,23
tip_cas,47,2,5,63,14
tip_duplex,10,5,6,8,5
tip_jaul,1,20,5,1,0
tip_loft,11,15,24,18,12
tip_ph,41,19,4,25,14
tip_propied,9,12,4,10,8
tir_balanc,9,9,5,16,4
toilett_baã,7,7,3,12,11
toilett_cocin,12,19,19,21,34
toilett_duch,6,4,2,6,14
toilett_recepcion,30,27,55,21,76
toilett_recepciãƒâ³n,0,0,14,20,5
torr_21,0,0,37,0,1
torr_categori,0,5,21,3,14
torr_propiedad,18,8,3,13,18
total_balcon,7,6,7,3,6
total_equip,8,3,13,6,15
total_extern,5,5,5,2,9
total_recicl,27,23,32,56,33
trat_departament,19,14,7,9,6
trav_inmomap,27,5,2,41,15
travã_s,69,50,34,56,77
trayectori_emblemat,0,2,16,0,9
trec_cucicb,16,5,6,4,0
tres_ambient,51,32,24,34,34
tres_ampli,4,2,3,4,12
tres_cuadr,37,17,14,62,16
tres_dormitori,35,18,21,32,35
tres_plant,21,3,5,17,6
tripl_frent,0,1,32,2,1
u_d,1,15,3,5,4
u_m,5,4,7,4,8
u_oficin,11,6,5,4,4
u_s,57,78,174,75,50
ubic_almagr,18,0,0,50,0
ubic_av,70,47,37,88,53
ubic_aven,8,5,13,11,11
ubic_barri,27,38,25,30,54
ubic_call,24,15,20,15,19
ubic_catamarc,4,9,0,7,5
ubic_contrafrent,10,10,6,3,9
ubic_corazon,4,4,6,10,12
ubic_cuadr,9,5,1,4,11
ubic_frent,22,9,12,8,13
ubic_gurruchag,1,0,5,6,14
ubic_mejor,5,8,16,12,9
ubic_metr,20,11,9,5,10
ubic_paraguay,2,3,15,2,9
ubic_pb,3,9,3,4,7
ubic_pis,11,10,8,4,3
ubic_plen,10,10,12,1,4
ubic_ramon,10,2,2,0,20
ubic_san,10,6,2,10,4
ubic_zon,13,12,45,11,20
ubicacion_1,13,10,8,13,12
ubicacion_2,13,2,9,15,12
ubicacion_av,7,6,2,3,13
ubicacion_barri,8,4,5,3,6
ubicacion_cerc,6,7,5,2,10
ubicacion_cuadr,11,23,7,6,20
ubicacion_metr,23,13,15,11,21
ubicacion_pas,2,4,7,7,5
ubicacion_privilegi,9,13,24,3,18
ubicacion_proxim,3,4,11,6,3
ubicaciã_n,52,45,16,39,32
ultim_unidad,7,11,15,3,0
unid_2,8,5,6,11,4
unid_cuent,11,6,9,10,4
unid_encuentr,13,4,3,5,7
unid_ubic,11,5,2,2,5
unidad_1,32,15,37,69,17
unidad_2,13,3,7,5,6
unidad_desarroll,6,15,0,2,23
unidad_dispon,19,19,11,11,3
unidad_pis,8,7,10,0,10
unidad_total,7,0,2,16,7
unidad_viviend,2,10,0,4,9
union_propiedad,15,14,11,22,23
univers_palerm,2,7,18,0,6
urquiz_1,1,3,14,5,2
urquiz_2,3,10,11,8,4
usd_110000,5,3,5,14,7
usd_115000,3,2,9,10,11
usd_120000,14,4,4,14,10
usd_125000,9,3,6,6,8
usd_130000,5,0,5,7,15
usd_135000,14,2,4,7,7
usd_140000,5,2,3,12,9
usd_155000,15,1,0,4,6
usd_65000,14,6,2,9,3
usd_70000,11,6,3,11,4
usd_75000,5,2,3,17,11
usd_80000,14,4,2,18,3
usd_85000,4,8,0,11,5
usd_90000,11,3,2,11,11
usd_95000,7,10,2,8,12
uso_profesional,5,11,9,6,24
usos_multipl,7,6,3,3,11
usos_mãºltipl,4,12,10,1,10
varel_3872contact,20,12,20,4,3
varel_c,18,15,15,4,0
vari_lin,7,6,14,6,7
vazquez_hij,12,1,1,14,2
vend_rent,14,16,24,11,24
vent_1,5,6,14,16,13
vent_2,9,17,23,8,30
vent_3,21,12,13,13,26
vent_4,8,5,7,24,11
vent_alquil,2,5,9,4,13
vent_belgran,2,12,12,3,22
vent_caballit,7,8,3,7,4
vent_cas,36,6,12,68,14
vent_departament,312,483,796,376,505
vent_direct,14,10,2,9,7
vent_excelent,16,13,5,10,4
vent_local,7,1,9,14,14
vent_monoambient,14,20,19,12,43
vent_palerm,5,7,21,5,33
vent_ph,24,7,2,33,9
vent_poz,28,6,3,57,4
vent_rent,9,16,18,3,17
vent_semipis,1,5,4,4,18
vent_tip,5,8,4,8,11
vent_u,3,2,8,7,6
vent_unidad,21,2,0,49,2
vent_vill,30,17,7,36,47
vent_viviend,5,1,0,17,3
ventanal_pis,3,10,3,2,10
ventilacion_natural,13,0,1,7,3
verificacion_ajust,3,5,1,15,4
vestidor_2,8,2,8,2,7
vestidor_baã,7,11,19,11,19
vicent_lopez,7,5,9,2,8
vigil_24,2,6,27,5,16
vill_cresp,66,148,102,94,107
vill_devot,20,9,10,2,14
vill_lur,27,8,7,12,6
vill_parqu,23,10,3,19,11
vill_pueyrredon,11,8,18,9,2
vill_urquiz,34,66,74,50,42
vinogr_mls,7,19,7,0,0
virrey_pin,3,2,10,0,9
visit_comunic,5,7,17,0,0
vist_abiert,110,86,107,71,133
vist_ciud,6,2,12,8,4
vist_frent,15,9,13,9,11
vist_jardin,17,3,12,3,3
vist_panoram,29,19,53,14,33
vist_plaz,3,5,11,3,6
vist_rio,3,5,46,18,21
viviend_apto,8,2,0,18,10
viviend_estudi,2,5,3,2,13
viviend_multifamili,0,22,13,1,0
viviend_uso,3,5,5,2,10
waim_propiedad,7,19,7,6,19
x_1,32,24,6,24,22
x_2,31,18,11,30,14
x_3,68,31,25,72,40
x_4,28,12,15,36,29
x_5,11,3,9,17,9
x_7,4,3,5,13,2
x_75m,0,6,36,0,0
x_mes,33,0,5,39,4
zarleng_inmobiliari,10,6,13,1,24
zon_belgran,1,10,16,2,9
zon_comercial,15,9,15,22,35
zon_gran,7,6,9,3,8
zon_mas,3,4,16,6,9
zon_outlets,1,0,11,10,6
zon_palerm,2,10,36,5,18
zon_preferencial,0,1,35,0,0
zon_privilegi,3,4,13,0,10
zon_residencial,35,34,34,21,41
zon_tranquil,11,17,3,6,8
zon_vill,6,16,6,7,7
â_â,16,6,12,1,3
ã_poc,17,10,7,13,6
ã_â,4,0,1,2,4
